{"stat.flyOneCm":1002,"stat.useItem.minecraft.boat":1,"stat.walkOneCm":11136,"stat.boatOneCm":12333,"stat.jump":37,"stat.swimOneCm":907,"stat.playOneMinute":4509,"achievement.openInventory":4,"stat.fallOneCm":211,"stat.leaveGame":1,"stat.mineBlock.minecraft.crafting_table":1,"stat.craftItem.minecraft.crafting_table":1,"stat.crouchOneCm":299,"stat.craftItem.minecraft.bowl":2,"stat.timeSinceDeath":4509,"stat.useItem.minecraft.iron_pickaxe":8,"stat.sprintOneCm":2352,"stat.useItem.minecraft.crafting_table":1,"stat.craftItem.minecraft.boat":1,"achievement.exploreAllBiomes":{"value":0,"progress":["Beach","River","Ocean","Plains"]}}