{"stat.killEntity.Skeleton":1,"stat.walkOneCm":89817,"stat.useItem.minecraft.torch":29,"stat.useItem.minecraft.bread":2,"stat.boatOneCm":58523,"achievement.openInventory":12,"stat.useItem.minecraft.iron_sword":21,"stat.leaveGame":1,"stat.damageTaken":630,"stat.useItem.minecraft.cobblestone":1,"stat.useItem.minecraft.diamond_pickaxe":67,"stat.mineBlock.minecraft.coal_ore":83,"stat.mobKills":8,"stat.entityKilledBy.Creeper":1,"stat.flyOneCm":15206,"stat.useItem.minecraft.boat":1,"stat.deaths":2,"stat.drop":32,"stat.jump":182,"stat.mineBlock.minecraft.leaves":1,"stat.swimOneCm":6777,"stat.playOneMinute":24637,"stat.fallOneCm":4547,"stat.mineBlock.minecraft.redstone_ore":6,"stat.damageDealt":1845,"stat.mineBlock.minecraft.iron_ore":26,"stat.crouchOneCm":259,"stat.killEntity.Zombie":6,"stat.timeSinceDeath":9758,"stat.craftItem.minecraft.torch":156,"stat.useItem.minecraft.iron_pickaxe":232,"stat.sprintOneCm":30829,"stat.mineBlock.minecraft.stone":173,"achievement.exploreAllBiomes":{"value":0,"progress":["ForestHills","Beach","Stone Beach","Forest","River","Ocean","Plains","Extreme Hills","Deep Ocean"]},"stat.diveOneCm":11023}