{"stat.craftItem.minecraft.furnace":1,"stat.walkOneCm":95305,"stat.useItem.minecraft.bread":6,"stat.useItem.minecraft.torch":21,"stat.useItem.minecraft.sapling":5,"achievement.openInventory":6,"stat.craftItem.minecraft.planks":64,"stat.useItem.minecraft.iron_axe":16,"stat.leaveGame":1,"stat.damageTaken":160,"stat.mineBlock.minecraft.crafting_table":1,"stat.craftItem.minecraft.crafting_table":1,"stat.useItem.minecraft.diamond_pickaxe":527,"stat.mineBlock.minecraft.furnace":1,"stat.mineBlock.minecraft.torch":1,"stat.useItem.minecraft.furnace":1,"stat.craftItem.minecraft.iron_axe":1,"stat.mineBlock.minecraft.coal_ore":35,"stat.craftItem.minecraft.boat":1,"stat.mineBlock.minecraft.log":16,"stat.useItem.minecraft.diamond_sword":19,"stat.flyOneCm":12302,"stat.jump":210,"stat.swimOneCm":3767,"stat.mineBlock.minecraft.leaves":18,"stat.playOneMinute":25712,"stat.fallOneCm":5344,"stat.climbOneCm":200,"stat.mineBlock.minecraft.iron_ore":23,"stat.crouchOneCm":161,"stat.timeSinceDeath":25712,"stat.craftItem.minecraft.dye":6,"achievement.mineWood":11,"stat.craftItem.minecraft.iron_ingot":28,"stat.useItem.minecraft.iron_pickaxe":25,"stat.mineBlock.minecraft.dirt":54,"stat.useItem.minecraft.crafting_table":1,"stat.sprintOneCm":34313,"stat.mineBlock.minecraft.stone":365,"achievement.exploreAllBiomes":{"value":0,"progress":["Birch Forest Hills","ForestHills","Birch Forest","River","Plains","Swampland"]},"stat.mineBlock.minecraft.tallgrass":1,"stat.diveOneCm":15381}