{"stat.killEntity.Skeleton":2,"stat.walkOneCm":71787,"stat.useItem.minecraft.torch":24,"stat.useItem.minecraft.bread":3,"achievement.openInventory":4,"stat.leaveGame":1,"stat.damageTaken":108,"stat.useItem.minecraft.diamond_pickaxe":378,"stat.mobKills":5,"stat.mineBlock.minecraft.coal_ore":46,"stat.useItem.minecraft.diamond_sword":19,"stat.flyOneCm":3345,"stat.jump":137,"stat.swimOneCm":2338,"stat.playOneMinute":14634,"stat.fallOneCm":1474,"stat.damageDealt":1405,"stat.mineBlock.minecraft.iron_ore":22,"stat.crouchOneCm":141,"stat.killEntity.Zombie":3,"stat.timeSinceDeath":14634,"stat.sprintOneCm":22875,"stat.mineBlock.minecraft.dirt":7,"stat.useItem.minecraft.iron_pickaxe":47,"stat.mineBlock.minecraft.stone":303,"achievement.exploreAllBiomes":{"value":0,"progress":["Birch Forest Hills","Roofed Forest","Birch Forest","Extreme Hills","Swampland"]},"stat.mineBlock.minecraft.tallgrass":1}